{"accuracy": [0.7922380566596985, 0.8326002359390259, 0.8794307708740234, 0.8773609399795532, 0.9014230370521545, 0.8892626166343689, 0.9102199077606201, 0.9055627584457397, 0.9128072261810303, 0.9166882038116455, 0.9195342659950256, 0.927813708782196, 0.9327296018600464, 0.9415265321731567, 0.9456662535667419, 0.9464424252510071, 0.9565330147743225, 0.9580853581428528, 0.9598965048789978, 0.9567916989326477, 0.9733505845069885, 0.9702457785606384, 0.9741267561912537, 0.9769728183746338, 0.9816300272941589, 0.9761966466903687, 0.983182430267334, 0.981112539768219, 0.9839586019515991, 0.9834411144256592, 0.9870634078979492, 0.9886158108711243, 0.9891332387924194, 0.9930142164230347, 0.9919793009757996, 0.9943078756332397, 0.9943078756332397, 0.9924967885017395, 0.9948253631591797, 0.9937904477119446, 0.9945666193962097, 0.9956015348434448, 0.9948253631591797, 0.9953427910804749, 0.9940491318702698, 0.9950841069221497, 0.9956015348434448, 0.9958602786064148, 0.9966365098953247, 0.9950841069221497], "loss": [0.5007655620574951, 0.41304194927215576, 0.2997395098209381, 0.2973645329475403, 0.26307567954063416, 0.2603623867034912, 0.2212260514497757, 0.2230810672044754, 0.21040435135364532, 0.2067788541316986, 0.2026558220386505, 0.17953801155090332, 0.16901306807994843, 0.14096814393997192, 0.13257308304309845, 0.13415509462356567, 0.11469555646181107, 0.1103806272149086, 0.09889634698629379, 0.11114366352558136, 0.0722077488899231, 0.06734941154718399, 0.07482604682445526, 0.06290131062269211, 0.05260728299617767, 0.055607572197914124, 0.04918829724192619, 0.04914470762014389, 0.04626945033669472, 0.04389316961169243, 0.038307636976242065, 0.03324643895030022, 0.0325310118496418, 0.02138335071504116, 0.025734281167387962, 0.019571904093027115, 0.01966547966003418, 0.02116752602159977, 0.01864633336663246, 0.01646527275443077, 0.01852899044752121, 0.016872577369213104, 0.017523709684610367, 0.01375135313719511, 0.01972520723938942, 0.014662695117294788, 0.015349485911428928, 0.01451203878968954, 0.012851486913859844, 0.0165414996445179], "val_accuracy": [0.503496527671814, 0.503496527671814, 0.5151515007019043, 0.7668997645378113, 0.8531468510627747, 0.8484848737716675, 0.8694638609886169, 0.881118893623352, 0.7902097702026367, 0.8881118893623352, 0.8531468510627747, 0.8554778695106506, 0.5687645673751831, 0.9207459092140198, 0.8997669219970703, 0.881118893623352, 0.9324009418487549, 0.8648018836975098, 0.9137529134750366, 0.9020978808403015, 0.939393937587738, 0.9230769276618958, 0.9463869333267212, 0.941724956035614, 0.9487179517745972, 0.9324009418487549, 0.9557109475135803, 0.9463869333267212, 0.9160839319229126, 0.9440559148788452, 0.9510489702224731, 0.939393937587738, 0.9510489702224731, 0.9510489702224731, 0.9510489702224731, 0.9487179517745972, 0.9324009418487549, 0.9533799290657043, 0.9487179517745972, 0.9487179517745972, 0.9557109475135803, 0.9463869333267212, 0.9487179517745972, 0.9487179517745972, 0.9510489702224731, 0.9463869333267212, 0.9440559148788452, 0.9487179517745972, 0.9487179517745972, 0.9463869333267212], "val_loss": [3.472938060760498, 3.420407772064209, 2.1249840259552, 0.48392292857170105, 0.31579774618148804, 0.35542890429496765, 0.38701286911964417, 0.2917506694793701, 0.4460262358188629, 0.28823122382164, 0.31114327907562256, 0.36315929889678955, 1.6915607452392578, 0.217850461602211, 0.2426624894142151, 0.28843045234680176, 0.20015089213848114, 0.31100842356681824, 0.24218186736106873, 0.2725118398666382, 0.15672174096107483, 0.19540902972221375, 0.15147259831428528, 0.14749038219451904, 0.14510449767112732, 0.2042778879404068, 0.1336679905653, 0.1695820391178131, 0.24239441752433777, 0.1780117303133011, 0.13917388021945953, 0.18670295178890228, 0.16144423186779022, 0.14476101100444794, 0.1398000419139862, 0.14485518634319305, 0.16011692583560944, 0.14359170198440552, 0.13793815672397614, 0.13764306902885437, 0.1410374790430069, 0.14773719012737274, 0.14563921093940735, 0.14436110854148865, 0.14759273827075958, 0.14742864668369293, 0.14789365231990814, 0.1480441838502884, 0.1499282717704773, 0.1504327803850174], "learning_rate": [0.0010000000474974513, 0.0010000000474974513, 0.0010000000474974513, 0.0010000000474974513, 0.0010000000474974513, 0.0010000000474974513, 0.0010000000474974513, 0.0010000000474974513, 0.0010000000474974513, 0.0010000000474974513, 0.0010000000474974513, 0.0010000000474974513, 0.0010000000474974513, 0.0005000000237487257, 0.0005000000237487257, 0.0005000000237487257, 0.0005000000237487257, 0.0005000000237487257, 0.0005000000237487257, 0.0005000000237487257, 0.0002500000118743628, 0.0002500000118743628, 0.0002500000118743628, 0.0002500000118743628, 0.0002500000118743628, 0.0002500000118743628, 0.0002500000118743628, 0.0002500000118743628, 0.0002500000118743628, 0.0002500000118743628, 0.0001250000059371814, 0.0001250000059371814, 0.0001250000059371814, 6.25000029685907e-05, 6.25000029685907e-05, 6.25000029685907e-05, 3.125000148429535e-05, 3.125000148429535e-05, 3.125000148429535e-05, 1.5625000742147677e-05, 1.5625000742147677e-05, 1.5625000742147677e-05, 7.812500371073838e-06, 7.812500371073838e-06, 7.812500371073838e-06, 3.906250185536919e-06, 3.906250185536919e-06, 3.906250185536919e-06, 1.9531250927684596e-06, 1.9531250927684596e-06]}