{
  "tl_accuracy": [
    0.9582159519195557,
    0.9732394218444824,
    0.9828638434410095,
    0.9877934455871582,
    0.9845070242881775,
    0.9892019033432007
  ],
  "tl_val_accuracy": [
    0.9915433526039124,
    0.9873149991035461,
    0.9915433526039124,
    0.9936575293540955,
    0.9936575293540955,
    0.9915433526039124
  ],
  "tl_loss": [
    0.10369092226028442,
    0.07251949608325958,
    0.04432149603962898,
    0.03793007507920265,
    0.040605753660202026,
    0.028351033106446266
  ],
  "tl_val_loss": [
    0.024649502709507942,
    0.03735729679465294,
    0.030422352254390717,
    0.028617385774850845,
    0.02677217684686184,
    0.028725789859890938
  ],
  "ft_accuracy": [
    0.9255868792533875,
    0.968544602394104,
    0.969718337059021,
    0.9739436507225037,
    0.9795774817466736,
    0.9760563373565674,
    0.9800469279289246
  ],
  "ft_val_accuracy": [
    0.9936575293540955,
    0.9915433526039124,
    0.9915433526039124,
    0.9915433526039124,
    0.9915433526039124,
    0.9915433526039124,
    0.9915433526039124
  ],
  "ft_loss": [
    0.19752363860607147,
    0.08717768639326096,
    0.08230878412723541,
    0.06777835637331009,
    0.06155446916818619,
    0.061740413308143616,
    0.053701337426900864
  ],
  "ft_val_loss": [
    0.020551176741719246,
    0.02046586014330387,
    0.021273529157042503,
    0.022071197628974915,
    0.02254774421453476,
    0.02326575480401516,
    0.02438419498503208
  ],
  "results": {
    "baseline_test_acc": 0.9375,
    "baseline_test_loss": 0.23153163492679596,
    "tl_test_acc": 0.9864864945411682,
    "tl_test_loss": 0.03788968548178673,
    "ft_test_acc": 0.9898648858070374,
    "ft_test_loss": 0.027964618057012558,
    "tl_train_time_s": 110.86740636825562,
    "ft_train_time_s": 150.00941395759583,
    "total_train_time_s": 260.87682032585144
  }
}